country,city,general
Panama,Quebrada Canoa,"Quebrada Canoa, Panama"
United States,Melbourne,"Melbourne, United States"
United States,Inglewood,"Inglewood, United States"
Mexico,5 de Mayo,"5 de Mayo, Mexico"
Guatemala,Santa Bárbara,"Santa Bárbara, Guatemala"
Mexico,Bellavista,"Bellavista, Mexico"
Honduras,San Marcos de Colón,"San Marcos de Colón, Honduras"
Panama,Llano de Piedra,"Llano de Piedra, Panama"
United States,Vancouver,"Vancouver, United States"
United States,Naperville,"Naperville, United States"
United States,Shreveport,"Shreveport, United States"
United States,Boston,"Boston, United States"
Guatemala,Chiantla,"Chiantla, Guatemala"
Mexico,Manuel Cavazos Lerma,"Manuel Cavazos Lerma, Mexico"
United States,Fort Lauderdale,"Fort Lauderdale, United States"
Panama,Panamá,"Panamá, Panama"
Mexico,Niños Heroes,"Niños Heroes, Mexico"
United States,Philadelphia,"Philadelphia, United States"
Nicaragua,Santo Domingo,"Santo Domingo, Nicaragua"
Guatemala,Yepocapa,"Yepocapa, Guatemala"
Mexico,Morelos,"Morelos, Mexico"
United States,Lexington,"Lexington, United States"
El Salvador,El Rosario,"El Rosario, El Salvador"
Guatemala,Santa Catarina Barahona,"Santa Catarina Barahona, Guatemala"
Mexico,Providencia,"Providencia, Mexico"
United States,Cheyenne,"Cheyenne, United States"
United States,Evansville,"Evansville, United States"
United States,Des Moines,"Des Moines, United States"
United States,San Jose,"San Jose, United States"
Mexico,Santa Maria,"Santa Maria, Mexico"
United States,Norwalk,"Norwalk, United States"
Honduras,San Buenaventura,"San Buenaventura, Honduras"
Mexico,Guadalupe,"Guadalupe, Mexico"
Honduras,El Llano,"El Llano, Honduras"
United States,Philadelphia,"Philadelphia, United States"
Mexico,La Palma,"La Palma, Mexico"
Honduras,Bálsamo Oriental,"Bálsamo Oriental, Honduras"
United States,Washington,"Washington, United States"
United States,New York City,"New York City, United States"
Costa Rica,Purral,"Purral, Costa Rica"
Nicaragua,Ciudad Sandino,"Ciudad Sandino, Nicaragua"
Mexico,San Juan,"San Juan, Mexico"
United States,Minneapolis,"Minneapolis, United States"
United States,Philadelphia,"Philadelphia, United States"
Costa Rica,Salitrillos,"Salitrillos, Costa Rica"
Mexico,San Marcos,"San Marcos, Mexico"
United States,Wichita,"Wichita, United States"
United States,Omaha,"Omaha, United States"
United States,Dearborn,"Dearborn, United States"
Italy,Genova,"Genova, Italy"
Panama,El Coco,"El Coco, Panama"
Mexico,Obrera,"Obrera, Mexico"
United States,Salt Lake City,"Salt Lake City, United States"
United States,Fullerton,"Fullerton, United States"
Guatemala,San Miguel Chicaj,"San Miguel Chicaj, Guatemala"
Honduras,Concepción de la Barranca,"Concepción de la Barranca, Honduras"
Honduras,Ojos de Agua,"Ojos de Agua, Honduras"
United States,Baton Rouge,"Baton Rouge, United States"
Mexico,Buenavista,"Buenavista, Mexico"
United States,Los Angeles,"Los Angeles, United States"
Panama,Los Algarrobos,"Los Algarrobos, Panama"
Mexico,Rafael Hernandez Ochoa,"Rafael Hernandez Ochoa, Mexico"
United States,Mesquite,"Mesquite, United States"
Panama,Las Palmas,"Las Palmas, Panama"
United States,Buffalo,"Buffalo, United States"
Mexico,San Rafael,"San Rafael, Mexico"
United States,Trenton,"Trenton, United States"
United States,Oklahoma City,"Oklahoma City, United States"
United States,Waterbury,"Waterbury, United States"
Honduras,Santa Rosa de Aguán,"Santa Rosa de Aguán, Honduras"
United States,Pueblo,"Pueblo, United States"
Nicaragua,Bonanza,"Bonanza, Nicaragua"
Mexico,Parque Industrial,"Parque Industrial, Mexico"
El Salvador,Guaymango,"Guaymango, El Salvador"
United States,Inglewood,"Inglewood, United States"
United States,Madison,"Madison, United States"
United States,Philadelphia,"Philadelphia, United States"
Mexico,El Salitre,"El Salitre, Mexico"
Costa Rica,San Francisco,"San Francisco, Costa Rica"
Honduras,La Estancia,"La Estancia, Honduras"
United States,Miami,"Miami, United States"
United States,Staten Island,"Staten Island, United States"
Spain,Donostia-San Sebastian,"Donostia-San Sebastian, Spain"
Panama,Ustupo,"Ustupo, Panama"
Honduras,Aramecina,"Aramecina, Honduras"
Panama,Chepo,"Chepo, Panama"
United States,San Antonio,"San Antonio, United States"
Spain,Zamora,"Zamora, Spain"
United States,Austin,"Austin, United States"
Nicaragua,La Paz de Oriente,"La Paz de Oriente, Nicaragua"
El Salvador,Santa Rosa de Lima,"Santa Rosa de Lima, El Salvador"
United States,Springfield,"Springfield, United States"
United States,Flushing,"Flushing, United States"
Mexico,Manuel Cavazos Lerma,"Manuel Cavazos Lerma, Mexico"
Mexico,Solidaridad,"Solidaridad, Mexico"
Guatemala,El Chol,"El Chol, Guatemala"
Nicaragua,San Rafael del Sur,"San Rafael del Sur, Nicaragua"
United States,Marietta,"Marietta, United States"
Honduras,Choloma,"Choloma, Honduras"
United States,Lafayette,"Lafayette, United States"
Panama,Río Alejandro,"Río Alejandro, Panama"
United States,Van Nuys,"Van Nuys, United States"
Guatemala,Taxisco,"Taxisco, Guatemala"
Spain,Valencia,"Valencia, Spain"
Costa Rica,Nicoya,"Nicoya, Costa Rica"
Costa Rica,Chacarita,"Chacarita, Costa Rica"
United States,Houston,"Houston, United States"
United States,Tacoma,"Tacoma, United States"
United States,Miami,"Miami, United States"
United States,Memphis,"Memphis, United States"
Guatemala,Parramos,"Parramos, Guatemala"
United States,Rochester,"Rochester, United States"
United States,San Francisco,"San Francisco, United States"
Spain,"Palmas De Gran Canaria, Las","Palmas De Gran Canaria, Las, Spain"
Honduras,El Marañón,"El Marañón, Honduras"
Honduras,Araulí,"Araulí, Honduras"
Honduras,Las Ánimas,"Las Ánimas, Honduras"
United States,Winston Salem,"Winston Salem, United States"
Guatemala,Santa Apolonia,"Santa Apolonia, Guatemala"
United States,Hartford,"Hartford, United States"
United States,Oakland,"Oakland, United States"
United States,Detroit,"Detroit, United States"
United States,Lincoln,"Lincoln, United States"
United States,Chicago,"Chicago, United States"
Mexico,El Mirador,"El Mirador, Mexico"
United States,Columbus,"Columbus, United States"
Guatemala,Samayac,"Samayac, Guatemala"
Italy,Salerno,"Salerno, Italy"
Guatemala,Casillas,"Casillas, Guatemala"
United States,Tempe,"Tempe, United States"
United States,Chicago,"Chicago, United States"
Guatemala,El Estor,"El Estor, Guatemala"
Honduras,El Guapinol,"El Guapinol, Honduras"
Mexico,Plan de Ayala,"Plan de Ayala, Mexico"
Mexico,Providencia,"Providencia, Mexico"
Mexico,Buenavista,"Buenavista, Mexico"
Spain,Lugo,"Lugo, Spain"
United States,San Diego,"San Diego, United States"
El Salvador,Santa Ana,"Santa Ana, El Salvador"
Mexico,Rancho Viejo,"Rancho Viejo, Mexico"
Mexico,Nicolas Bravo,"Nicolas Bravo, Mexico"
United States,Lansing,"Lansing, United States"
United States,Houston,"Houston, United States"
Mexico,La Soledad,"La Soledad, Mexico"
United States,Washington,"Washington, United States"
Mexico,Rafael Hernandez Ochoa,"Rafael Hernandez Ochoa, Mexico"
Mexico,La Reforma,"La Reforma, Mexico"
United States,Birmingham,"Birmingham, United States"
Mexico,Camino Real,"Camino Real, Mexico"
Mexico,Emiliano Zapata,"Emiliano Zapata, Mexico"
Mexico,Benito Juarez,"Benito Juarez, Mexico"
United States,Saint Louis,"Saint Louis, United States"
Spain,Barcelona,"Barcelona, Spain"
United States,Van Nuys,"Van Nuys, United States"
Mexico,Guadalupe,"Guadalupe, Mexico"
Mexico,San Francisco,"San Francisco, Mexico"
Italy,Laspezia,"Laspezia, Italy"
United States,Cincinnati,"Cincinnati, United States"
Panama,La Palma,"La Palma, Panama"
Spain,Lleida,"Lleida, Spain"
Honduras,Santa Lucía,"Santa Lucía, Honduras"
United States,Staten Island,"Staten Island, United States"
United States,Sacramento,"Sacramento, United States"
Guatemala,Champerico,"Champerico, Guatemala"
United States,Grand Rapids,"Grand Rapids, United States"
United States,Reno,"Reno, United States"
El Salvador,Antiguo Cuscatlán,"Antiguo Cuscatlán, El Salvador"
United States,Portland,"Portland, United States"
Spain,Santander,"Santander, Spain"
Guatemala,Palestina de los Altos,"Palestina de los Altos, Guatemala"
Honduras,Yarumela,"Yarumela, Honduras"
United States,Monroe,"Monroe, United States"
Honduras,Quebrada Larga,"Quebrada Larga, Honduras"
Mexico,Independencia,"Independencia, Mexico"
Nicaragua,San Ramón,"San Ramón, Nicaragua"
United States,Greensboro,"Greensboro, United States"
United States,Fort Wayne,"Fort Wayne, United States"
Guatemala,Palestina de los Altos,"Palestina de los Altos, Guatemala"
Guatemala,Almolonga,"Almolonga, Guatemala"
United States,Lancaster,"Lancaster, United States"
Mexico,Francisco I Madero,"Francisco I Madero, Mexico"
Honduras,La Guama,"La Guama, Honduras"
United States,Battle Creek,"Battle Creek, United States"
United States,Little Rock,"Little Rock, United States"
United States,Oklahoma City,"Oklahoma City, United States"
Honduras,San José de Colinas,"San José de Colinas, Honduras"
Mexico,San Jose,"San Jose, Mexico"
United States,Charlotte,"Charlotte, United States"
United States,Hyattsville,"Hyattsville, United States"
United States,Philadelphia,"Philadelphia, United States"
Honduras,La Guama,"La Guama, Honduras"
Mexico,Buenavista,"Buenavista, Mexico"
United States,Des Moines,"Des Moines, United States"
United States,Grand Rapids,"Grand Rapids, United States"
Panama,Aguadulce,"Aguadulce, Panama"
Panama,Alcaldedíaz,"Alcaldedíaz, Panama"
Mexico,Los Angeles,"Los Angeles, Mexico"
Italy,Roma,"Roma, Italy"
United States,Milwaukee,"Milwaukee, United States"
United States,Long Beach,"Long Beach, United States"
El Salvador,San Agustín,"San Agustín, El Salvador"
Honduras,Ojos de Agua,"Ojos de Agua, Honduras"
United States,Tampa,"Tampa, United States"
Mexico,Guadalupe,"Guadalupe, Mexico"
Mexico,El Alamo,"El Alamo, Mexico"
Guatemala,Taxisco,"Taxisco, Guatemala"
Nicaragua,Jiquilillo,"Jiquilillo, Nicaragua"
United States,Colorado Springs,"Colorado Springs, United States"
Mexico,Santa Maria,"Santa Maria, Mexico"
Mexico,San Antonio,"San Antonio, Mexico"
Mexico,La Huerta,"La Huerta, Mexico"
Guatemala,San Andrés,"San Andrés, Guatemala"
United States,Huntsville,"Huntsville, United States"
United States,Young America,"Young America, United States"
Honduras,San Francisco de la Paz,"San Francisco de la Paz, Honduras"
United States,Milwaukee,"Milwaukee, United States"
United States,Roanoke,"Roanoke, United States"
United States,Las Vegas,"Las Vegas, United States"
Guatemala,San Cristóbal Totonicapán,"San Cristóbal Totonicapán, Guatemala"
United States,Tampa,"Tampa, United States"
United States,Richmond,"Richmond, United States"
Nicaragua,Puerto Cabezas,"Puerto Cabezas, Nicaragua"
Mexico,Santa Cruz,"Santa Cruz, Mexico"
United States,Birmingham,"Birmingham, United States"
Mexico,San Jose,"San Jose, Mexico"
United States,Naperville,"Naperville, United States"
United States,Beaufort,"Beaufort, United States"
Honduras,Florida,"Florida, Honduras"
Mexico,Los Pinos,"Los Pinos, Mexico"
Nicaragua,El Crucero,"El Crucero, Nicaragua"
Guatemala,Parramos,"Parramos, Guatemala"
Mexico,Benito Juarez,"Benito Juarez, Mexico"
Guatemala,Morazán,"Morazán, Guatemala"
United States,Fargo,"Fargo, United States"
Honduras,Salamá,"Salamá, Honduras"
United States,Springfield,"Springfield, United States"
Costa Rica,Bejuco,"Bejuco, Costa Rica"
Italy,Messina,"Messina, Italy"
United States,Houston,"Houston, United States"
Nicaragua,El Realejo,"El Realejo, Nicaragua"
United States,Evansville,"Evansville, United States"
Honduras,Valle de Ángeles,"Valle de Ángeles, Honduras"
Mexico,Tierra y Libertad,"Tierra y Libertad, Mexico"
Costa Rica,Cañas,"Cañas, Costa Rica"
Mexico,Lazaro Cardenas,"Lazaro Cardenas, Mexico"
United States,Washington,"Washington, United States"
Mexico,El Zapote,"El Zapote, Mexico"
United States,Saint Joseph,"Saint Joseph, United States"
United States,Inglewood,"Inglewood, United States"
Costa Rica,La Suiza,"La Suiza, Costa Rica"
Mexico,La Laguna,"La Laguna, Mexico"
Mexico,Hidalgo,"Hidalgo, Mexico"
Mexico,El Calvario,"El Calvario, Mexico"
Mexico,Santo Tomas,"Santo Tomas, Mexico"
Costa Rica,La Fortuna,"La Fortuna, Costa Rica"
Panama,Pueblo Nuevo,"Pueblo Nuevo, Panama"
United States,Orlando,"Orlando, United States"
United States,El Paso,"El Paso, United States"
United States,Washington,"Washington, United States"
Panama,El Coco,"El Coco, Panama"
United States,Lexington,"Lexington, United States"
Guatemala,San Andrés,"San Andrés, Guatemala"
United States,Washington,"Washington, United States"
Panama,Guadalupe,"Guadalupe, Panama"
United States,Milwaukee,"Milwaukee, United States"
Honduras,Cañaveral,"Cañaveral, Honduras"
Guatemala,Patulul,"Patulul, Guatemala"
United States,Colorado Springs,"Colorado Springs, United States"
United States,Naples,"Naples, United States"
Guatemala,Esquipulas Palo Gordo,"Esquipulas Palo Gordo, Guatemala"
United States,Salt Lake City,"Salt Lake City, United States"
United States,Sacramento,"Sacramento, United States"
United States,Honolulu,"Honolulu, United States"
Spain,Valencia,"Valencia, Spain"
United States,San Jose,"San Jose, United States"
Nicaragua,San José de Cusmapa,"San José de Cusmapa, Nicaragua"
United States,Sparks,"Sparks, United States"
United States,Reno,"Reno, United States"
Guatemala,Santa Catarina Barahona,"Santa Catarina Barahona, Guatemala"
Panama,Pocrí,"Pocrí, Panama"
Honduras,Mojimán,"Mojimán, Honduras"
United States,New York City,"New York City, United States"
United States,Columbia,"Columbia, United States"
United States,Houston,"Houston, United States"
Guatemala,La Unión,"La Unión, Guatemala"
United States,Oakland,"Oakland, United States"
Honduras,Cerro Blanco,"Cerro Blanco, Honduras"
Mexico,El Calvario,"El Calvario, Mexico"
Mexico,Lazaro Cardenas,"Lazaro Cardenas, Mexico"
United States,Topeka,"Topeka, United States"
Mexico,San Isidro,"San Isidro, Mexico"
Mexico,Buenavista,"Buenavista, Mexico"
Mexico,Lazaro Cardenas,"Lazaro Cardenas, Mexico"
United States,Scottsdale,"Scottsdale, United States"
Mexico,Guadalupe,"Guadalupe, Mexico"
United States,Oklahoma City,"Oklahoma City, United States"
Honduras,Travesía,"Travesía, Honduras"
United States,Newport News,"Newport News, United States"
United States,Corpus Christi,"Corpus Christi, United States"
Italy,Perugia,"Perugia, Italy"
United States,Pittsburgh,"Pittsburgh, United States"
United States,Greensboro,"Greensboro, United States"
Panama,Río de Jesús,"Río de Jesús, Panama"
Honduras,La Virtud,"La Virtud, Honduras"
Spain,Sevilla,"Sevilla, Spain"
Panama,La Palma,"La Palma, Panama"
Spain,Almeria,"Almeria, Spain"
United States,Naples,"Naples, United States"
Panama,Sabanitas,"Sabanitas, Panama"
United States,Greensboro,"Greensboro, United States"
Honduras,Veracruz,"Veracruz, Honduras"
Mexico,Santa Rosa,"Santa Rosa, Mexico"
Guatemala,Puerto Barrios,"Puerto Barrios, Guatemala"
Mexico,Alameda,"Alameda, Mexico"
United States,Pasadena,"Pasadena, United States"
United States,Los Angeles,"Los Angeles, United States"
United States,Miami,"Miami, United States"
Guatemala,San Bartolomé Milpas Altas,"San Bartolomé Milpas Altas, Guatemala"
Honduras,Langue,"Langue, Honduras"
United States,San Jose,"San Jose, United States"
Mexico,Ignacio Zaragoza,"Ignacio Zaragoza, Mexico"
Nicaragua,Morrito,"Morrito, Nicaragua"
Guatemala,San Jerónimo,"San Jerónimo, Guatemala"
Spain,"Coruña, A","Coruña, A, Spain"
United States,Albuquerque,"Albuquerque, United States"
Mexico,Morelos,"Morelos, Mexico"
United States,Dallas,"Dallas, United States"
Mexico,Morelos,"Morelos, Mexico"
United States,New York City,"New York City, United States"
United States,Springfield,"Springfield, United States"
Costa Rica,Nandayure,"Nandayure, Costa Rica"
Mexico,Pueblo Nuevo,"Pueblo Nuevo, Mexico"
Panama,Mulatupo,"Mulatupo, Panama"
Honduras,San José,"San José, Honduras"
United States,Fort Worth,"Fort Worth, United States"
United States,Cumming,"Cumming, United States"
Guatemala,Ipala,"Ipala, Guatemala"
Italy,Brescia,"Brescia, Italy"
United States,Bakersfield,"Bakersfield, United States"
Honduras,Aguas del Padre,"Aguas del Padre, Honduras"
United States,Scranton,"Scranton, United States"
Mexico,San Agustin,"San Agustin, Mexico"
United States,Evansville,"Evansville, United States"
United States,Grand Forks,"Grand Forks, United States"
Mexico,Benito Juarez,"Benito Juarez, Mexico"
Mexico,Niños Heroes,"Niños Heroes, Mexico"
Mexico,Benito Juarez,"Benito Juarez, Mexico"
United States,Miami,"Miami, United States"
United States,Joliet,"Joliet, United States"
Spain,Tarragona,"Tarragona, Spain"
Mexico,Guadalupe Victoria,"Guadalupe Victoria, Mexico"
United States,Newton,"Newton, United States"
United States,Port Saint Lucie,"Port Saint Lucie, United States"
Nicaragua,Laguna de Perlas,"Laguna de Perlas, Nicaragua"
United States,Dallas,"Dallas, United States"
United States,Bloomington,"Bloomington, United States"
Honduras,Jocón,"Jocón, Honduras"
United States,Houston,"Houston, United States"
Spain,Santander,"Santander, Spain"
Costa Rica,Salitrillos,"Salitrillos, Costa Rica"
United States,Alhambra,"Alhambra, United States"
Costa Rica,Guápiles,"Guápiles, Costa Rica"
Nicaragua,Yalagüina,"Yalagüina, Nicaragua"
United States,Oklahoma City,"Oklahoma City, United States"
United States,Duluth,"Duluth, United States"
Spain,Malaga,"Malaga, Spain"
United States,Chicago,"Chicago, United States"
United States,Oklahoma City,"Oklahoma City, United States"
United States,Reston,"Reston, United States"
Mexico,Emiliano Zapata,"Emiliano Zapata, Mexico"
Costa Rica,San Rafael,"San Rafael, Costa Rica"
United States,North Little Rock,"North Little Rock, United States"
United States,Shreveport,"Shreveport, United States"
Honduras,San Esteban,"San Esteban, Honduras"
United States,Toledo,"Toledo, United States"
United States,Lawrenceville,"Lawrenceville, United States"
United States,Philadelphia,"Philadelphia, United States"
Mexico,La Soledad,"La Soledad, Mexico"
Italy,Pescara,"Pescara, Italy"
Guatemala,Guanagazapa,"Guanagazapa, Guatemala"
United States,San Francisco,"San Francisco, United States"
United States,Colorado Springs,"Colorado Springs, United States"
United States,Corpus Christi,"Corpus Christi, United States"
United States,Orlando,"Orlando, United States"
Panama,San Vicente de Bique,"San Vicente de Bique, Panama"
United States,Oklahoma City,"Oklahoma City, United States"
Guatemala,San Miguel Dueñas,"San Miguel Dueñas, Guatemala"
Mexico,Pueblo Nuevo,"Pueblo Nuevo, Mexico"
Mexico,Fovissste,"Fovissste, Mexico"
United States,Akron,"Akron, United States"
Costa Rica,Esquipulas,"Esquipulas, Costa Rica"
United States,Roanoke,"Roanoke, United States"
Mexico,Infonavit,"Infonavit, Mexico"
Spain,"Palmas De Gran Canaria, Las","Palmas De Gran Canaria, Las, Spain"
United States,Arlington,"Arlington, United States"
United States,Springfield,"Springfield, United States"
United States,Brooklyn,"Brooklyn, United States"
United States,Oklahoma City,"Oklahoma City, United States"
Mexico,Fovissste,"Fovissste, Mexico"
Panama,Puerto Obaldía,"Puerto Obaldía, Panama"
Italy,Mestre,"Mestre, Italy"
Costa Rica,Colima,"Colima, Costa Rica"
United States,Houston,"Houston, United States"
Italy,Venezia,"Venezia, Italy"
United States,Houston,"Houston, United States"
United States,Atlanta,"Atlanta, United States"
Panama,Nuevo Arraiján,"Nuevo Arraiján, Panama"
Mexico,Progreso,"Progreso, Mexico"
United States,Portland,"Portland, United States"
Guatemala,Yepocapa,"Yepocapa, Guatemala"
Costa Rica,San Pedro,"San Pedro, Costa Rica"
Guatemala,Chisec,"Chisec, Guatemala"
Honduras,Santa Lucía,"Santa Lucía, Honduras"
Mexico,Emiliano Zapata,"Emiliano Zapata, Mexico"
Mexico,Benito Juarez,"Benito Juarez, Mexico"
Spain,Madrid,"Madrid, Spain"
United States,Evansville,"Evansville, United States"
Spain,Pontevedra,"Pontevedra, Spain"
United States,Chicago,"Chicago, United States"
Costa Rica,Pocora,"Pocora, Costa Rica"
United States,North Little Rock,"North Little Rock, United States"
Honduras,San Agustín,"San Agustín, Honduras"
Spain,Zamora,"Zamora, Spain"
Honduras,Yaruchel,"Yaruchel, Honduras"
Spain,Malaga,"Malaga, Spain"
United States,Akron,"Akron, United States"
Panama,David,"David, Panama"
Nicaragua,Laguna de Perlas,"Laguna de Perlas, Nicaragua"
United States,Des Moines,"Des Moines, United States"
Costa Rica,Paraíso,"Paraíso, Costa Rica"
Mexico,Anahuac,"Anahuac, Mexico"
Honduras,Travesía,"Travesía, Honduras"
United States,Migrate,"Migrate, United States"
Mexico,Vicente Guerrero,"Vicente Guerrero, Mexico"
Mexico,Francisco Sarabia,"Francisco Sarabia, Mexico"
United States,Washington,"Washington, United States"
Mexico,Reforma,"Reforma, Mexico"
United States,Lexington,"Lexington, United States"
Honduras,Ocote Paulino,"Ocote Paulino, Honduras"
United States,Huntington,"Huntington, United States"
Mexico,La Reforma,"La Reforma, Mexico"
United States,Saint Louis,"Saint Louis, United States"
Guatemala,San Bernardino,"San Bernardino, Guatemala"
Honduras,Yoro,"Yoro, Honduras"
Mexico,Morelos,"Morelos, Mexico"
United States,El Paso,"El Paso, United States"
Honduras,Liure,"Liure, Honduras"
Mexico,El Rosario,"El Rosario, Mexico"
Mexico,San Antonio,"San Antonio, Mexico"
United States,Chattanooga,"Chattanooga, United States"
Mexico,San Pedro,"San Pedro, Mexico"
Mexico,El Refugio,"El Refugio, Mexico"
United States,Charlottesville,"Charlottesville, United States"
Honduras,Las Trojes,"Las Trojes, Honduras"
United States,Salinas,"Salinas, United States"
United States,Jackson,"Jackson, United States"
United States,San Antonio,"San Antonio, United States"
United States,Fort Worth,"Fort Worth, United States"
Guatemala,Pajapita,"Pajapita, Guatemala"
United States,Austin,"Austin, United States"
United States,Dallas,"Dallas, United States"
Honduras,Monjarás,"Monjarás, Honduras"
Panama,Capellanía,"Capellanía, Panama"
United States,Baton Rouge,"Baton Rouge, United States"
Panama,David,"David, Panama"
Mexico,La Soledad,"La Soledad, Mexico"
Spain,Elx/Elche,"Elx/Elche, Spain"
United States,Naples,"Naples, United States"
Panama,Cartí Suitupo,"Cartí Suitupo, Panama"
United States,Shawnee Mission,"Shawnee Mission, United States"
Mexico,Santa Maria,"Santa Maria, Mexico"
Honduras,Armenia,"Armenia, Honduras"
El Salvador,Santa Tecla,"Santa Tecla, El Salvador"
Spain,Aviles,"Aviles, Spain"
United States,Jefferson City,"Jefferson City, United States"
Mexico,Guadalupe,"Guadalupe, Mexico"
Mexico,Guadalupe,"Guadalupe, Mexico"
Spain,Vigo,"Vigo, Spain"
Panama,Guadalupe,"Guadalupe, Panama"
Spain,Sevilla,"Sevilla, Spain"
Mexico,Benito Juarez,"Benito Juarez, Mexico"
United States,Charlotte,"Charlotte, United States"
United States,High Point,"High Point, United States"
Honduras,Tocoa,"Tocoa, Honduras"
Honduras,Nueva Ocotepeque,"Nueva Ocotepeque, Honduras"
United States,Brooklyn,"Brooklyn, United States"
Mexico,Los Mangos,"Los Mangos, Mexico"
United States,Charleston,"Charleston, United States"
United States,Rochester,"Rochester, United States"
Mexico,Vicente Guerrero,"Vicente Guerrero, Mexico"
Mexico,Obrera,"Obrera, Mexico"
Nicaragua,Ciudad Darío,"Ciudad Darío, Nicaragua"
Spain,Madrid,"Madrid, Spain"
United States,Chicago,"Chicago, United States"
Italy,Padova,"Padova, Italy"
Guatemala,Santa Bárbara,"Santa Bárbara, Guatemala"
Mexico,San Jose,"San Jose, Mexico"
Guatemala,Pajapita,"Pajapita, Guatemala"
United States,Orlando,"Orlando, United States"
United States,San Bernardino,"San Bernardino, United States"
United States,Garland,"Garland, United States"
United States,Los Angeles,"Los Angeles, United States"
Panama,Las Tablas,"Las Tablas, Panama"
Mexico,Parque Industrial,"Parque Industrial, Mexico"
Spain,Vitoria-Gasteiz,"Vitoria-Gasteiz, Spain"
Mexico,San Juan,"San Juan, Mexico"
Mexico,Cuauhtemoc,"Cuauhtemoc, Mexico"
United States,Independence,"Independence, United States"
United States,Oklahoma City,"Oklahoma City, United States"
Mexico,Miguel Hidalgo,"Miguel Hidalgo, Mexico"
Mexico,Ejidal,"Ejidal, Mexico"
Guatemala,Guanagazapa,"Guanagazapa, Guatemala"
United States,Huntington,"Huntington, United States"
Panama,Capira,"Capira, Panama"
Mexico,Loma Bonita,"Loma Bonita, Mexico"
Honduras,Jamalteca,"Jamalteca, Honduras"
Costa Rica,Chacarita,"Chacarita, Costa Rica"
United States,Boston,"Boston, United States"
Mexico,Guadalupe,"Guadalupe, Mexico"
Mexico,Benito Juarez,"Benito Juarez, Mexico"
Nicaragua,Quezalguaque,"Quezalguaque, Nicaragua"
United States,New York City,"New York City, United States"
Honduras,Cucuyagua,"Cucuyagua, Honduras"
United States,Orlando,"Orlando, United States"
United States,Sacramento,"Sacramento, United States"
United States,Hartford,"Hartford, United States"
United States,Honolulu,"Honolulu, United States"
United States,Lansing,"Lansing, United States"
Mexico,Loma Bonita,"Loma Bonita, Mexico"
Mexico,Las Palmas,"Las Palmas, Mexico"
United States,Birmingham,"Birmingham, United States"
United States,Tampa,"Tampa, United States"
El Salvador,San Marcos,"San Marcos, El Salvador"
United States,Sacramento,"Sacramento, United States"
United States,Sacramento,"Sacramento, United States"
United States,Kissimmee,"Kissimmee, United States"
United States,Dallas,"Dallas, United States"
United States,Hartford,"Hartford, United States"
United States,Louisville,"Louisville, United States"
United States,Wilmington,"Wilmington, United States"
Honduras,La Guacamaya,"La Guacamaya, Honduras"
Guatemala,Morales,"Morales, Guatemala"
United States,Fort Worth,"Fort Worth, United States"
Honduras,Reitoca,"Reitoca, Honduras"
Nicaragua,Larreynaga,"Larreynaga, Nicaragua"
El Salvador,Ozatlán,"Ozatlán, El Salvador"
United States,El Paso,"El Paso, United States"
Guatemala,Champerico,"Champerico, Guatemala"
Mexico,Del Valle,"Del Valle, Mexico"
United States,Raleigh,"Raleigh, United States"
United States,Mesa,"Mesa, United States"
Guatemala,San Miguel Chicaj,"San Miguel Chicaj, Guatemala"
United States,Los Angeles,"Los Angeles, United States"
Nicaragua,Bluefields,"Bluefields, Nicaragua"
El Salvador,Ilopango,"Ilopango, El Salvador"
Guatemala,La Reforma,"La Reforma, Guatemala"
Costa Rica,Heredia,"Heredia, Costa Rica"
United States,Detroit,"Detroit, United States"
El Salvador,Quezaltepeque,"Quezaltepeque, El Salvador"
Guatemala,Nentón,"Nentón, Guatemala"
Costa Rica,Pejibaye,"Pejibaye, Costa Rica"
Mexico,Cuauhtemoc,"Cuauhtemoc, Mexico"
Guatemala,Cahabón,"Cahabón, Guatemala"
United States,Los Angeles,"Los Angeles, United States"
United States,Chandler,"Chandler, United States"
Mexico,Alvaro Obregon,"Alvaro Obregon, Mexico"
Mexico,Francisco I Madero,"Francisco I Madero, Mexico"
Mexico,La Loma,"La Loma, Mexico"
United States,Washington,"Washington, United States"
Honduras,San Marcos,"San Marcos, Honduras"
Honduras,Goascorán,"Goascorán, Honduras"
Mexico,Independencia,"Independencia, Mexico"
Nicaragua,La Paz Centro,"La Paz Centro, Nicaragua"
Guatemala,Mazatenango,"Mazatenango, Guatemala"
Mexico,Miguel Hidalgo,"Miguel Hidalgo, Mexico"
United States,Honolulu,"Honolulu, United States"
Guatemala,San Luis,"San Luis, Guatemala"
Honduras,Veracruz,"Veracruz, Honduras"
Mexico,Santa Maria,"Santa Maria, Mexico"
Costa Rica,La Fortuna,"La Fortuna, Costa Rica"
Honduras,Casa Quemada,"Casa Quemada, Honduras"
United States,Newark,"Newark, United States"
Mexico,Benito Juarez,"Benito Juarez, Mexico"
United States,Dallas,"Dallas, United States"
United States,Des Moines,"Des Moines, United States"
United States,Fort Lauderdale,"Fort Lauderdale, United States"
Guatemala,San Lucas Tolimán,"San Lucas Tolimán, Guatemala"
Honduras,San José,"San José, Honduras"
Mexico,20 de Noviembre,"20 de Noviembre, Mexico"
Spain,Almeria,"Almeria, Spain"
United States,Detroit,"Detroit, United States"
United States,Baltimore,"Baltimore, United States"
Guatemala,Parramos,"Parramos, Guatemala"
Honduras,Araulí,"Araulí, Honduras"
United States,Saint Petersburg,"Saint Petersburg, United States"
United States,Jefferson City,"Jefferson City, United States"
United States,Lincoln,"Lincoln, United States"
El Salvador,Ilopango,"Ilopango, El Salvador"
Guatemala,El Estor,"El Estor, Guatemala"
United States,Scranton,"Scranton, United States"
Guatemala,Colotenango,"Colotenango, Guatemala"
Mexico,Magisterial,"Magisterial, Mexico"
Costa Rica,San Francisco,"San Francisco, Costa Rica"
Mexico,Buenavista,"Buenavista, Mexico"
Costa Rica,Mercedes,"Mercedes, Costa Rica"
Honduras,La Esperanza,"La Esperanza, Honduras"
United States,Des Moines,"Des Moines, United States"
United States,Greensboro,"Greensboro, United States"
United States,Beaufort,"Beaufort, United States"
United States,Kissimmee,"Kissimmee, United States"
Guatemala,San José,"San José, Guatemala"
Mexico,Lazaro Cardenas,"Lazaro Cardenas, Mexico"
Costa Rica,Desamparados,"Desamparados, Costa Rica"
Honduras,Paujiles,"Paujiles, Honduras"
United States,Saint Petersburg,"Saint Petersburg, United States"
Mexico,San Cristobal,"San Cristobal, Mexico"
Guatemala,Taxisco,"Taxisco, Guatemala"
Panama,Alcaldedíaz,"Alcaldedíaz, Panama"
United States,Anniston,"Anniston, United States"
Guatemala,Ciudad Tecún Umán,"Ciudad Tecún Umán, Guatemala"
Mexico,Magisterial,"Magisterial, Mexico"
United States,Palatine,"Palatine, United States"
Honduras,Sandy Bay,"Sandy Bay, Honduras"
Mexico,San Marcos,"San Marcos, Mexico"
Mexico,Los Angeles,"Los Angeles, Mexico"
United States,Vancouver,"Vancouver, United States"
Panama,Llano Largo,"Llano Largo, Panama"
Costa Rica,Calle Blancos,"Calle Blancos, Costa Rica"
United States,Florence,"Florence, United States"
Guatemala,Mataquescuintla,"Mataquescuintla, Guatemala"
El Salvador,San Sebastián,"San Sebastián, El Salvador"
Panama,Capira,"Capira, Panama"
Mexico,El Cerrito,"El Cerrito, Mexico"
United States,Duluth,"Duluth, United States"
Nicaragua,Bonanza,"Bonanza, Nicaragua"
Costa Rica,Esquipulas,"Esquipulas, Costa Rica"
Mexico,Las Flores,"Las Flores, Mexico"
United States,Denver,"Denver, United States"
Honduras,San Jerónimo,"San Jerónimo, Honduras"
Mexico,San Isidro,"San Isidro, Mexico"
Guatemala,Chisec,"Chisec, Guatemala"
Italy,Brescia,"Brescia, Italy"
Spain,"Palmas De Gran Canaria, Las","Palmas De Gran Canaria, Las, Spain"
Mexico,Obrera,"Obrera, Mexico"
United States,Colorado Springs,"Colorado Springs, United States"
United States,Oakland,"Oakland, United States"
Honduras,La Sarrosa,"La Sarrosa, Honduras"
United States,Detroit,"Detroit, United States"
Mexico,Buenavista,"Buenavista, Mexico"
United States,Elmira,"Elmira, United States"
Spain,"Palmas De Gran Canaria, Las","Palmas De Gran Canaria, Las, Spain"
Mexico,La Soledad,"La Soledad, Mexico"
Costa Rica,La Asunción,"La Asunción, Costa Rica"
United States,Little Rock,"Little Rock, United States"
Panama,Guararé,"Guararé, Panama"
Honduras,Guaimaca,"Guaimaca, Honduras"
Mexico,Santa Fe,"Santa Fe, Mexico"
Honduras,Marale,"Marale, Honduras"
Honduras,Las Tejeras,"Las Tejeras, Honduras"
Costa Rica,San Isidro,"San Isidro, Costa Rica"
United States,Charlotte,"Charlotte, United States"
Honduras,San Nicolás,"San Nicolás, Honduras"
Mexico,Las Flores,"Las Flores, Mexico"
Panama,Aguadulce,"Aguadulce, Panama"
United States,Tacoma,"Tacoma, United States"
Mexico,Benito Juarez,"Benito Juarez, Mexico"
United States,Washington,"Washington, United States"
Spain,Tarragona,"Tarragona, Spain"
Mexico,Juan N Alvarez,"Juan N Alvarez, Mexico"
United States,Dallas,"Dallas, United States"
Honduras,San Jerónimo,"San Jerónimo, Honduras"
Honduras,San Marcos de Colón,"San Marcos de Colón, Honduras"
Spain,Santiago De Compostela,"Santiago De Compostela, Spain"
Panama,Gómez,"Gómez, Panama"
Mexico,Fovissste,"Fovissste, Mexico"
United States,Las Vegas,"Las Vegas, United States"
Spain,Sabadell,"Sabadell, Spain"
Mexico,La Concepcion,"La Concepcion, Mexico"
Honduras,Monjarás,"Monjarás, Honduras"
United States,Flushing,"Flushing, United States"
Mexico,El Calvario,"El Calvario, Mexico"
Italy,Palermo,"Palermo, Italy"
United States,Houston,"Houston, United States"
Italy,Livorno,"Livorno, Italy"
United States,Port Washington,"Port Washington, United States"
United States,Jeffersonville,"Jeffersonville, United States"
Mexico,Vicente Guerrero,"Vicente Guerrero, Mexico"
Panama,Alto de la Estancia,"Alto de la Estancia, Panama"
United States,Corona,"Corona, United States"
Honduras,Corpus,"Corpus, Honduras"
Panama,La Loma,"La Loma, Panama"
United States,San Diego,"San Diego, United States"
Mexico,Morelos,"Morelos, Mexico"
Honduras,Florida,"Florida, Honduras"
Nicaragua,Laguna de Perlas,"Laguna de Perlas, Nicaragua"
Italy,Roma,"Roma, Italy"
United States,Springfield,"Springfield, United States"
Panama,Yaviza,"Yaviza, Panama"
Mexico,Loma Alta,"Loma Alta, Mexico"
Panama,Changuinola,"Changuinola, Panama"
Panama,Sioguí Arriba,"Sioguí Arriba, Panama"
Mexico,Independencia,"Independencia, Mexico"
Guatemala,Santa María Chiquimula,"Santa María Chiquimula, Guatemala"
Honduras,El Suyatal,"El Suyatal, Honduras"
United States,Paterson,"Paterson, United States"
Mexico,Las Palmas,"Las Palmas, Mexico"
United States,Kansas City,"Kansas City, United States"
Mexico,San Pedro,"San Pedro, Mexico"
Costa Rica,La Virgen,"La Virgen, Costa Rica"
Mexico,Guadalupe,"Guadalupe, Mexico"
Mexico,Benito Juarez,"Benito Juarez, Mexico"
United States,Louisville,"Louisville, United States"
United States,San Jose,"San Jose, United States"
United States,Austin,"Austin, United States"
Spain,Vigo,"Vigo, Spain"
United States,Boston,"Boston, United States"
Panama,Paraíso,"Paraíso, Panama"
United States,Washington,"Washington, United States"
Spain,Elx/Elche,"Elx/Elche, Spain"
United States,Orlando,"Orlando, United States"
Mexico,Las Palmas,"Las Palmas, Mexico"
United States,Birmingham,"Birmingham, United States"
Guatemala,Yupiltepeque,"Yupiltepeque, Guatemala"
Mexico,Guadalupe Victoria,"Guadalupe Victoria, Mexico"
United States,Minneapolis,"Minneapolis, United States"
United States,Chicago,"Chicago, United States"
Mexico,San Marcos,"San Marcos, Mexico"
United States,Pensacola,"Pensacola, United States"
Nicaragua,Las Sabanas,"Las Sabanas, Nicaragua"
United States,Philadelphia,"Philadelphia, United States"
United States,Hartford,"Hartford, United States"
Costa Rica,Salitral,"Salitral, Costa Rica"
United States,Arlington,"Arlington, United States"
Italy,Roma,"Roma, Italy"
Honduras,San Jerónimo,"San Jerónimo, Honduras"
United States,Evansville,"Evansville, United States"
Panama,Calzada Larga,"Calzada Larga, Panama"
United States,New Brunswick,"New Brunswick, United States"
United States,Phoenix,"Phoenix, United States"
United States,Boca Raton,"Boca Raton, United States"
United States,Jamaica,"Jamaica, United States"
Guatemala,San Luis,"San Luis, Guatemala"
Mexico,San Antonio,"San Antonio, Mexico"
United States,Lancaster,"Lancaster, United States"
Mexico,Melchor Ocampo,"Melchor Ocampo, Mexico"
Honduras,Guaimaca,"Guaimaca, Honduras"
Mexico,San Isidro,"San Isidro, Mexico"
United States,Newport News,"Newport News, United States"
Mexico,Hidalgo,"Hidalgo, Mexico"
United States,Wichita,"Wichita, United States"
Mexico,Santa Elena,"Santa Elena, Mexico"
Guatemala,Yupiltepeque,"Yupiltepeque, Guatemala"
United States,Gary,"Gary, United States"
Mexico,Los Nogales,"Los Nogales, Mexico"
United States,Cincinnati,"Cincinnati, United States"
Mexico,Lagunillas,"Lagunillas, Mexico"
United States,Simi Valley,"Simi Valley, United States"
Nicaragua,Santo Domingo,"Santo Domingo, Nicaragua"
United States,Knoxville,"Knoxville, United States"
Spain,Logroño,"Logroño, Spain"
United States,Baton Rouge,"Baton Rouge, United States"
Mexico,Hidalgo,"Hidalgo, Mexico"
United States,Chico,"Chico, United States"
Panama,David,"David, Panama"
United States,Katy,"Katy, United States"
United States,Bradenton,"Bradenton, United States"
United States,Louisville,"Louisville, United States"
Honduras,Tepusteca,"Tepusteca, Honduras"
Honduras,Puerto Castilla,"Puerto Castilla, Honduras"
United States,Daytona Beach,"Daytona Beach, United States"
El Salvador,Santiago Nonualco,"Santiago Nonualco, El Salvador"
United States,Oklahoma City,"Oklahoma City, United States"
United States,Clearwater,"Clearwater, United States"
United States,Albany,"Albany, United States"
Mexico,Niños Heroes,"Niños Heroes, Mexico"
El Salvador,El Congo,"El Congo, El Salvador"
Costa Rica,Curridabat,"Curridabat, Costa Rica"
Costa Rica,La Suiza,"La Suiza, Costa Rica"
Mexico,Del Valle,"Del Valle, Mexico"
United States,Youngstown,"Youngstown, United States"
Italy,Trieste,"Trieste, Italy"
United States,Olympia,"Olympia, United States"
Mexico,Lazaro Cardenas,"Lazaro Cardenas, Mexico"
Mexico,Los Pinos,"Los Pinos, Mexico"
Mexico,Santa Cruz,"Santa Cruz, Mexico"
United States,Naples,"Naples, United States"
Honduras,Quebrada de Arena,"Quebrada de Arena, Honduras"
United States,Midland,"Midland, United States"
United States,West Hartford,"West Hartford, United States"
Mexico,El Potrero,"El Potrero, Mexico"
Guatemala,San Miguel Chicaj,"San Miguel Chicaj, Guatemala"
Mexico,Guadalupe,"Guadalupe, Mexico"
United States,Elmira,"Elmira, United States"
Honduras,Mojimán,"Mojimán, Honduras"
Panama,Nuevo Arraiján,"Nuevo Arraiján, Panama"
Mexico,El Zapote,"El Zapote, Mexico"
Mexico,El Zapote,"El Zapote, Mexico"
Guatemala,Barberena,"Barberena, Guatemala"
Costa Rica,Cañas,"Cañas, Costa Rica"
United States,Louisville,"Louisville, United States"
United States,Boston,"Boston, United States"
Mexico,Emiliano Zapata,"Emiliano Zapata, Mexico"
Mexico,Buenos Aires,"Buenos Aires, Mexico"
United States,Jeffersonville,"Jeffersonville, United States"
Honduras,Reitoca,"Reitoca, Honduras"
Honduras,Zopilotepe,"Zopilotepe, Honduras"
Guatemala,Taxisco,"Taxisco, Guatemala"
United States,Great Neck,"Great Neck, United States"
Mexico,El Carmen,"El Carmen, Mexico"
United States,Philadelphia,"Philadelphia, United States"
Mexico,San Antonio,"San Antonio, Mexico"
United States,Kansas City,"Kansas City, United States"
Italy,Genova,"Genova, Italy"
Mexico,Buenavista,"Buenavista, Mexico"
United States,Toledo,"Toledo, United States"
United States,Los Angeles,"Los Angeles, United States"
Honduras,El Benque,"El Benque, Honduras"
United States,Huntington,"Huntington, United States"
Honduras,San Jerónimo,"San Jerónimo, Honduras"
United States,Washington,"Washington, United States"
United States,Saint Louis,"Saint Louis, United States"
Mexico,Progreso,"Progreso, Mexico"
Costa Rica,Pejibaye,"Pejibaye, Costa Rica"
United States,Los Angeles,"Los Angeles, United States"
Mexico,Nicolas Bravo,"Nicolas Bravo, Mexico"
Honduras,Yarumela,"Yarumela, Honduras"
Honduras,El Lolo,"El Lolo, Honduras"
United States,Lafayette,"Lafayette, United States"
United States,Battle Creek,"Battle Creek, United States"
Mexico,San Antonio,"San Antonio, Mexico"
United States,Knoxville,"Knoxville, United States"
Guatemala,Jocotán,"Jocotán, Guatemala"
Panama,Guararé,"Guararé, Panama"
United States,Omaha,"Omaha, United States"
Panama,Capellanía,"Capellanía, Panama"
Mexico,Hidalgo,"Hidalgo, Mexico"
United States,Chicago,"Chicago, United States"
United States,San Jose,"San Jose, United States"
United States,Columbus,"Columbus, United States"
United States,Port Washington,"Port Washington, United States"
Costa Rica,Puntarenas,"Puntarenas, Costa Rica"
United States,Pensacola,"Pensacola, United States"
Honduras,San Jerónimo,"San Jerónimo, Honduras"
United States,San Diego,"San Diego, United States"
United States,Delray Beach,"Delray Beach, United States"
United States,Lancaster,"Lancaster, United States"
Mexico,El Alamo,"El Alamo, Mexico"
United States,Jackson,"Jackson, United States"
Guatemala,Cunén,"Cunén, Guatemala"
United States,Simi Valley,"Simi Valley, United States"
Panama,Puerto Obaldía,"Puerto Obaldía, Panama"
United States,Toledo,"Toledo, United States"
Honduras,Corquín,"Corquín, Honduras"
United States,Midland,"Midland, United States"
Honduras,Protección,"Protección, Honduras"
Mexico,Emiliano Zapata,"Emiliano Zapata, Mexico"
Mexico,San Lorenzo,"San Lorenzo, Mexico"
United States,Mountain View,"Mountain View, United States"
United States,Seattle,"Seattle, United States"
Honduras,Protección,"Protección, Honduras"
United States,London,"London, United States"
United States,Chicago,"Chicago, United States"
Honduras,Los Tangos,"Los Tangos, Honduras"
Spain,Sevilla,"Sevilla, Spain"
United States,Atlanta,"Atlanta, United States"
Mexico,San Francisco,"San Francisco, Mexico"
United States,Fullerton,"Fullerton, United States"
United States,Washington,"Washington, United States"
Guatemala,Morales,"Morales, Guatemala"
Panama,Santa Marta,"Santa Marta, Panama"
Mexico,Venustiano Carranza,"Venustiano Carranza, Mexico"
Mexico,El Cerrito,"El Cerrito, Mexico"
Honduras,La Estancia,"La Estancia, Honduras"
United States,Tallahassee,"Tallahassee, United States"
United States,Des Moines,"Des Moines, United States"
Honduras,Cololaca,"Cololaca, Honduras"
United States,Fargo,"Fargo, United States"
Honduras,El Bálsamo,"El Bálsamo, Honduras"
Mexico,Francisco Villa,"Francisco Villa, Mexico"
United States,Carson City,"Carson City, United States"
Guatemala,Tamahú,"Tamahú, Guatemala"
Mexico,Lazaro Cardenas,"Lazaro Cardenas, Mexico"
United States,Toledo,"Toledo, United States"
United States,San Diego,"San Diego, United States"
Mexico,Benito Juarez,"Benito Juarez, Mexico"
United States,Shawnee Mission,"Shawnee Mission, United States"
United States,Shreveport,"Shreveport, United States"
United States,Louisville,"Louisville, United States"
United States,Shreveport,"Shreveport, United States"
Guatemala,Cuyotenango,"Cuyotenango, Guatemala"
Guatemala,San Juan Ermita,"San Juan Ermita, Guatemala"
United States,Birmingham,"Birmingham, United States"
United States,Colorado Springs,"Colorado Springs, United States"
United States,San Diego,"San Diego, United States"
Honduras,Ojos de Agua,"Ojos de Agua, Honduras"
Honduras,Ocote Paulino,"Ocote Paulino, Honduras"
United States,Springfield,"Springfield, United States"
Mexico,Ejidal,"Ejidal, Mexico"
Mexico,Solidaridad,"Solidaridad, Mexico"
United States,Naples,"Naples, United States"
Mexico,Independencia,"Independencia, Mexico"
United States,Lansing,"Lansing, United States"
United States,Virginia Beach,"Virginia Beach, United States"
United States,Oklahoma City,"Oklahoma City, United States"
Spain,Tarragona,"Tarragona, Spain"
Mexico,El Aguacate,"El Aguacate, Mexico"
United States,Tucson,"Tucson, United States"
United States,Atlanta,"Atlanta, United States"
Panama,El Rincón,"El Rincón, Panama"
Honduras,Cololaca,"Cololaca, Honduras"
United States,Tucson,"Tucson, United States"
Mexico,Santa Rita,"Santa Rita, Mexico"
United States,Garden Grove,"Garden Grove, United States"
Honduras,Liure,"Liure, Honduras"
Honduras,Puerto Castilla,"Puerto Castilla, Honduras"
Mexico,Los Angeles,"Los Angeles, Mexico"
Mexico,El Calvario,"El Calvario, Mexico"
El Salvador,Texistepeque,"Texistepeque, El Salvador"
United States,Oakland,"Oakland, United States"
United States,Gary,"Gary, United States"
Spain,Santiago De Compostela,"Santiago De Compostela, Spain"
United States,El Paso,"El Paso, United States"
Nicaragua,San José de los Remates,"San José de los Remates, Nicaragua"
Honduras,Sandy Bay,"Sandy Bay, Honduras"
Honduras,San Lorenzo,"San Lorenzo, Honduras"
United States,New Orleans,"New Orleans, United States"
United States,Orlando,"Orlando, United States"
Mexico,Buenavista,"Buenavista, Mexico"
United States,Savannah,"Savannah, United States"
United States,Reston,"Reston, United States"
Spain,Madrid,"Madrid, Spain"
Guatemala,Yupiltepeque,"Yupiltepeque, Guatemala"
Nicaragua,Bocana de Paiwas,"Bocana de Paiwas, Nicaragua"
United States,Fort Myers,"Fort Myers, United States"
Italy,Venezia,"Venezia, Italy"
United States,Hampton,"Hampton, United States"
Honduras,Silca,"Silca, Honduras"
Mexico,San Martin,"San Martin, Mexico"
Panama,Aserrío de Gariché,"Aserrío de Gariché, Panama"
United States,Fullerton,"Fullerton, United States"
Honduras,Lepaterique,"Lepaterique, Honduras"
Mexico,El Calvario,"El Calvario, Mexico"
United States,Youngstown,"Youngstown, United States"
Nicaragua,Granada,"Granada, Nicaragua"
United States,Fort Lauderdale,"Fort Lauderdale, United States"
United States,Boston,"Boston, United States"
Honduras,Peña Blanca,"Peña Blanca, Honduras"
United States,Austin,"Austin, United States"
Mexico,Benito Juarez,"Benito Juarez, Mexico"
Costa Rica,Cartago,"Cartago, Costa Rica"
United States,Bradenton,"Bradenton, United States"
Spain,Cartagena,"Cartagena, Spain"
United States,Des Moines,"Des Moines, United States"
Guatemala,San Andrés Villa Seca,"San Andrés Villa Seca, Guatemala"
United States,Bloomington,"Bloomington, United States"
Honduras,Las Ánimas,"Las Ánimas, Honduras"
United States,Scottsdale,"Scottsdale, United States"
Honduras,Minas de Oro,"Minas de Oro, Honduras"
United States,San Diego,"San Diego, United States"
United States,Nashville,"Nashville, United States"
El Salvador,Delgado,"Delgado, El Salvador"
United States,Charlotte,"Charlotte, United States"
Honduras,La Esperanza,"La Esperanza, Honduras"
United States,Fresno,"Fresno, United States"
Mexico,Los Fresnos,"Los Fresnos, Mexico"
Spain,Donostia-San Sebastian,"Donostia-San Sebastian, Spain"
Mexico,La Soledad,"La Soledad, Mexico"
Mexico,Adolfo Ruiz Cortines,"Adolfo Ruiz Cortines, Mexico"
Panama,Ustupo,"Ustupo, Panama"
Nicaragua,Puerto Cabezas,"Puerto Cabezas, Nicaragua"
Costa Rica,San Francisco,"San Francisco, Costa Rica"
Mexico,Guadalupe,"Guadalupe, Mexico"
United States,Maple Plain,"Maple Plain, United States"
United States,San Diego,"San Diego, United States"
Mexico,Lindavista,"Lindavista, Mexico"
United States,Portland,"Portland, United States"
Honduras,El Lolo,"El Lolo, Honduras"
Mexico,Buenavista,"Buenavista, Mexico"
El Salvador,Zaragoza,"Zaragoza, El Salvador"
El Salvador,San Antonio del Monte,"San Antonio del Monte, El Salvador"
United States,San Francisco,"San Francisco, United States"
United States,North Little Rock,"North Little Rock, United States"
United States,Charleston,"Charleston, United States"
Guatemala,Jocotán,"Jocotán, Guatemala"
United States,Delray Beach,"Delray Beach, United States"
El Salvador,Rosario de Mora,"Rosario de Mora, El Salvador"
El Salvador,San Sebastián,"San Sebastián, El Salvador"
United States,Washington,"Washington, United States"
United States,Portland,"Portland, United States"
United States,Springfield,"Springfield, United States"
United States,Buffalo,"Buffalo, United States"
United States,Greensboro,"Greensboro, United States"
Guatemala,Cabricán,"Cabricán, Guatemala"
Nicaragua,Telpaneca,"Telpaneca, Nicaragua"
Costa Rica,Cartago,"Cartago, Costa Rica"
Honduras,Armenta,"Armenta, Honduras"
United States,Shawnee Mission,"Shawnee Mission, United States"
United States,Philadelphia,"Philadelphia, United States"
Mexico,San Antonio,"San Antonio, Mexico"
Mexico,Alvaro Obregon,"Alvaro Obregon, Mexico"
